,id,name,market_cap,price_change_percentage_24h,twitter_followers,circ_perc,clusters
0,tether,Tether,78556956692.0,0.30402,194717,100.0,2
1,solana,Solana,44266811886.0,4.71225,1267322,61.35189980281615,2
2,usd-coin,USD Coin,44221454781.0,0.48121,0,99.99975143856665,2
3,cardano,Cardano,39638323947.0,8.39128,786483,71.25864592980778,2
4,ripple,XRP,36436545234.0,4.03631,2355535,47.577198013,2
5,polkadot,Polkadot,28164337870.0,9.00632,1088018,92.98669377735771,2
6,terra-luna,Terra,27767359008.0,7.26215,294716,43.0971199527561,2
7,avalanche-2,Avalanche,22923917618.0,9.36348,516425,64.68017983304932,2
8,dogecoin,Dogecoin,20491119337.0,7.38121,2822450,100.0,2
9,matic-network,Polygon,16068051973.0,8.71693,1125539,68.72890164270001,2
10,shiba-inu,Shiba Inu,15729932917.0,6.3996,2545748,54.91493908905122,2
11,binance-usd,Binance USD,14066583845.0,0.50716,28436,100.0,1
12,chainlink,Chainlink,12264026834.0,-2.62255,711201,46.70095504397637,0
13,crypto-com-chain,Crypto.com Coin,11990023351.0,5.48925,1577776,83.478182143764,2
14,cosmos,Cosmos,11587206802.0,6.74818,302807,100.0,1
15,wrapped-bitcoin,Wrapped Bitcoin,11430626722.0,2.43468,0,100.0,1
16,near,Near,10956114575.0,11.41339,271554,60.78443329689149,1
17,terrausd,TerraUSD,10579529423.0,0.19879,291856,99.99866386239758,1
18,algorand,Algorand,9638054459.0,7.18186,221723,93.57564186128138,1
19,litecoin,Litecoin,9219404848.0,3.96266,207085,82.61423599222775,1
20,dai,Dai,9033594120.0,0.33841,194754,100.0,1
21,uniswap,Uniswap,7376391029.0,4.22461,797830,45.23269195437781,0
22,fantom,Fantom,7169337223.0,20.30915,311666,80.03630648850394,3
23,bitcoin-cash,Bitcoin Cash,7035623106.0,1.42924,0,90.25273760310667,1
24,internet-computer,Internet Computer,6805856318.0,-2.30745,463303,41.7100356707337,0
25,tron,TRON,6777727380.0,4.58023,221,99.9407241102008,1
26,okb,OKB,6765281825.0,7.44767,715572,87.56000377333334,1
27,stellar,Stellar,6711497160.0,8.45188,718041,49.50228641463863,0
28,ftx-token,FTX Token,5535292078.0,3.67247,365179,41.433372263430584,0
29,staked-ether,Lido Staked Ether,5473922887.0,4.37267,56186,100.0,1
30,hedera-hashgraph,Hedera,5340144527.0,8.61181,198783,37.263199578,0
31,vechain,VeChain,5224259949.0,6.47302,544467,76.99078883963197,1
32,axie-infinity,Axie Infinity,5222564973.0,6.59665,843854,25.884662342334103,0
33,magic-internet-money,Magic Internet Money,4631193354.0,0.17068,106914,100.0,1
34,the-sandbox,The Sandbox,4505011926.0,10.00025,741065,30.698277307444076,0
35,compound-ether,cETH,4487540841.0,4.45431,212751,100.0,1
36,filecoin,Filecoin,4320551171.0,3.43843,133223,7.498060139574967,0
37,elrond-erd-2,Elrond,4241869141.0,6.07713,435150,99.84766526539104,1
38,theta-token,Theta Network,4200844990.0,6.00745,238046,100.0,1
39,ethereum-classic,Ethereum Classic,3970596032.0,3.43066,603667,62.760113288081165,1
40,decentraland,Decentraland,3945480884.0,5.63106,457804,60.503075331737065,0
41,tezos,Tezos,3708028834.0,5.65468,264485,100.0,1
42,harmony,Harmony,3674013121.0,15.80366,316205,88.05536528775507,1
43,klay-token,Klaytn,3591855103.0,5.34151,88525,100.0,1
44,monero,Monero,3561247731.0,6.92819,464119,100.0,1
45,leo-token,LEO Token,3516850492.0,-2.60266,822010,95.22650402170638,1
46,helium,Helium,3360181178.0,4.6549,139542,45.08491568801749,0
47,cdai,cDAI,3198451898.0,0.17852,212725,100.0,1
48,the-graph,The Graph,3058077327.0,6.44526,198316,52.53842029,0
49,aave,Aave,2917261949.0,6.70389,400288,84.24880596456654,1
50,compound-usd-coin,cUSDC,2886162554.0,0.19334,212722,100.0,1
51,pancakeswap-token,PancakeSwap,2813881234.0,1.2879,1389315,100.0,1
52,eos,EOS,2747959974.0,3.12632,261441,100.0,1
53,arweave,Arweave,2573926086.0,10.45025,54809,77.56896998594847,1
54,gala,Gala,2551578913.0,10.68631,266088,20.644749810522764,0
55,osmosis,Osmosis,2532713732.0,6.92232,55128,82.86574892307692,1
56,flow,Flow,2468887341.0,4.42856,136397,22.743491980658252,0
57,kusama,Kusama,2450738812.0,10.03833,218488,89.8009807411234,1
58,bittorrent-2,BitTorrent,2383935041.0,5.21087,597740,94.19166666666666,1
59,blockstack,Stacks,2227352634.0,9.01376,104500,57.89667005983333,0
60,enjincoin,Enjin Coin,2217132303.0,7.62675,469389,93.4340659567558,1
61,quant-network,Quant,2215545218.0,-0.62323,73100,91.79784359376045,1
62,radix,Radix,2121751621.0,2.24895,127794,80.2329715116469,1
63,frax,Frax,2099299995.0,1.01708,29755,100.0,1
64,bitcoin-cash-sv,Bitcoin SV,2091203463.0,2.95149,0,90.23530544875715,1
65,amp-token,Amp,2016198415.0,2.94683,42865,48.282813984432835,0
66,thorchain,THORChain,1918557698.0,10.00011,136228,59.9500169877341,0
67,celo,Celo,1908341523.0,12.99524,112279,38.7111233,0
68,loopring,Loopring,1900226027.0,4.01727,173806,90.69186667886852,1
69,maker,Maker,1887938721.0,3.74383,194713,91.49168715919109,1
70,theta-fuel,Theta Fuel,1886178774.0,3.92557,238046,0.0,0
71,curve-dao-token,Curve DAO Token,1862070742.0,7.75334,248211,23.491423520850834,0
72,ecash,eCash,1822914259.0,4.92618,80099,90.23480188947333,1
73,convex-finance,Convex Finance,1799070445.0,9.2871,32318,56.656449067133394,0
74,zcash,Zcash,1717601472.0,3.33435,84595,57.15659379784191,0
75,wonderland,Wonderland,1711275298.0,4.76197,134622,80.2223484812054,1
76,huobi-btc,Huobi BTC,1706266180.0,2.26637,883181,100.0,1
77,neo,NEO,1700611915.0,5.11742,433218,70.53,1
78,basic-attention-token,Basic Attention Token,1610864093.0,6.86623,249940,99.6003279631567,1
79,kadena,Kadena,1608322893.0,9.20175,147196,16.68904582975,0
80,oasis-network,Oasis Network,1584693518.0,14.87642,110041,34.9,0
81,olympus,Olympus,1565682652.0,8.07175,144315,90.31070434196579,1
82,kucoin-shares,KuCoin Token,1527851466.0,2.20264,1397156,46.02050475902123,0
83,huobi-token,Huobi Token,1493699803.0,1.93818,886819,31.544736050882417,0
84,waves,Waves,1487166460.0,9.75902,207794,100.0,1
85,dash,Dash,1475936563.0,-5.29756,422203,55.6286421658018,0
86,ecomi,ECOMI,1471557092.0,13.45306,160745,32.01228416983506,0
87,chiliz,Chiliz,1450021291.0,7.68836,430840,60.12072653101207,0
88,true-usd,TrueUSD,1421276661.0,0.49612,19738,100.0,1
89,frax-share,Frax Share,1416139005.0,14.88567,29755,35.71553380829363,0
90,sushi,Sushi,1355484692.0,5.94226,190621,80.55198649053708,1
91,celsius-degree-token,Celsius Network,1320534357.0,1.11654,207847,60.94204970464864,1
92,nexo,NEXO,1241777592.0,7.44697,166505,56.00000100064,0
93,compound-governance-token,Compound,1235949329.0,5.74271,212751,63.262815163319466,1
94,mina-protocol,Mina Protocol,1228056768.0,10.99295,173589,39.2103212907921,0
95,spell-token,Spell Token,1210456532.0,7.22528,106856,40.95838768851367,0
96,safemoon,SafeMoon [OLD],1191328575.0,10.88842,1358726,56.23822385767363,0
97,yearn-finance,yearn.finance,1185371726.0,3.89226,172084,97.3452925563514,1
98,defi-kingdoms,DeFi Kingdoms,1158732340.0,18.65383,85250,18.492696886301633,0
99,bitkub-coin,Bitkub Coin,1154982915.0,19.02667,6331,80.6818182,3
100,holotoken,Holo,1095682765.0,5.20023,111996,100.0,1
101,ravencoin,Ravencoin,1071889491.0,10.91665,84407,49.87280952380952,0
102,xdce-crowd-sale,XDC Network,1068383351.0,4.51145,80076,32.54866480018108,0
103,paxos-standard,Pax Dollar,1048891151.0,0.15397,23,100.0,1
104,nem,NEM,1048604635.0,4.24736,376970,100.0,1
105,secret,Secret,1035271987.0,13.96647,132822,82.81816959457153,1
106,havven,Synthetix Network Token,1032660282.0,5.68412,182979,82.7120573330282,1
107,gatechain-token,GateToken,1009466450.0,4.20787,0,52.38479610198501,0
108,iotex,IoTeX,992089242.0,2.58591,213894,99.94274060601913,1
109,1inch,1inch,966941195.0,6.32107,766160,29.420246500209927,0
110,msol,Marinade staked SOL,948653334.0,4.38664,25215,100.0,1
111,livepeer,Livepeer,918208105.0,8.81854,24746,100.0,1
112,woo-network,WOO Network,882166470.0,7.90415,68936,29.50060066912205,0
113,e-radix,e-Radix,863057479.0,2.35233,127779,100.0,1
114,zilliqa,Zilliqa,858395022.0,4.93432,377691,65.69253646820428,1
115,omisego,OMG Network,840773415.0,15.2063,6775,100.0,1
116,compound-usdt,cUSDT,829273003.0,0.16743,212788,100.0,1
117,bancor,Bancor Network Token,820023625.0,2.64787,143185,100.0,1
118,decred,Decred,812640888.0,9.64067,51035,65.09205125487762,1
119,convex-crv,Convex CRV,811632266.0,7.28761,32316,100.0,1
120,liquity-usd,Liquity USD,810241711.0,-0.13508,24663,100.0,1
121,link,LINK,806701694.0,2.14232,3531,98.8431865155718,1
122,qtum,Qtum,796291935.0,5.56972,271848,96.45319406061111,1
123,bitclout,Decentralized Social,794129516.0,0.00607,14429,97.44424307773146,1
124,tomb-shares,Tomb Shares,793174495.0,62.54029,0,59.65907399171005,3
125,apenft,APENFT,775562457.0,6.146,229930,27.708333333333336,0
126,wax,WAX,771733584.0,2.74097,237627,50.49815896679657,0
127,kava,Kava,766498439.0,12.27576,146263,93.66423719440463,1
128,renbtc,renBTC,765227034.0,2.03647,111449,100.0,1
129,ankr,Ankr,758108142.0,5.56692,156564,81.62899377791668,1
130,velas,Velas,753451303.0,8.3877,105181,100.0,1
131,audius,Audius,753107210.0,10.63273,123548,48.1389382564362,0
132,nxm,Nexus Mutual,749778687.0,4.63892,38346,100.0,1
133,gnosis,Gnosis,741542838.0,-0.87497,109534,18.65027001263696,0
134,fei-usd,Fei USD,739840074.0,0.49274,34622,99.92518995160431,1
135,icon,ICON,708115493.0,6.18571,160220,86.68125349729729,1
136,dogelon-mars,Dogelon Mars,700227412.0,5.24222,345496,55.53445715580717,0
137,zencash,Horizen,693297576.0,3.84674,132188,56.89047619047619,0
138,iostoken,IOST,690750479.0,7.41358,271662,100.0,1
139,siacoin,Siacoin,683330554.0,4.80299,146501,100.0,1
140,immutable-x,Immutable X,675821730.0,4.62176,182631,9.4080384,0
141,moonbeam,Moonbeam,672649837.0,-14.9174,0,7.466942867949293,0
142,syscoin,Syscoin,657973531.0,2.77846,121414,70.66305097248592,1
143,rally-2,Rally,651601834.0,5.31901,34329,15.05204608282558,0
144,bitcoin-gold,Bitcoin Gold,643306381.0,3.23036,105706,83.39963809523809,1
145,zelcash,Flux,640650187.0,9.92839,59301,50.87997551126682,0
146,0x,0x,625801285.0,6.55324,251155,84.74960548122635,1
147,baby-doge-coin,Baby Doge Coin,625448126.0,2.95328,724592,39.11934572060859,0
148,juno-network,JUNO,621819163.0,10.5509,21592,53.85102651992396,0
149,telcoin,Telcoin,610747695.0,3.12678,91915,59.94440690406,0
150,ethereum-name-service,Ethereum Name Service,606683434.0,3.98524,146354,22.50709587646845,0
151,rocket-pool,Rocket Pool,602743868.0,3.96401,19117,89.95445,1
152,perpetual-protocol,Perpetual Protocol,601561515.0,1.75705,36350,42.36560056124284,0
153,nervos-network,Nervos Network,567470590.0,6.06884,80498,100.0,1
154,uma,UMA,562355324.0,2.43604,53122,61.38859211080621,1
155,metahero,Metahero,560078612.0,3.04638,209999,52.28271947522487,0
156,ontology,Ontology,549204071.0,5.96316,184427,87.5249524,1
157,swissborg,SwissBorg,546171106.0,5.87593,89212,95.1754603474276,1
158,render-token,Render Token,545395774.0,3.0235,50124,29.456567644092985,0
159,neutrino,Neutrino USD,534935938.0,0.57456,9883,99.97242715056058,1
160,dydx,dYdX,531749001.0,12.07504,106887,7.403814349202463,0
161,anchor-protocol,Anchor Protocol,529493555.0,-2.90403,129010,20.5432309206359,0
162,skale,SKALE,526633497.0,5.54961,81887,69.30186003791233,1
163,illuvium,Illuvium,521402392.0,6.24975,248368,9.068229403229742,0
164,xsushi,xSUSHI,510370335.0,5.77439,189696,100.0,1
165,constellation-labs,Constellation,498796677.0,5.03701,48371,70.40405841948197,1
166,dopex,Dopex,489631848.0,7.44051,22242,33.651242418266,0
167,hive,Hive,486107135.0,6.36041,31316,100.0,1
168,wazirx,WazirX,480864212.0,4.61107,524423,45.6517027331867,0
169,republic-protocol,REN,464975450.0,4.35974,111393,100.0,1
170,keep3rv1,Keep3rV1,459371386.0,23.9088,15102,100.0,3
171,moonriver,Moonriver,459137929.0,3.65196,92381,26.993359242552877,0
172,tribe-2,Tribe,457428309.0,6.84688,34622,45.50155308048597,0
173,coin98,Coin98,452729297.0,3.93026,332289,18.5,0
174,synapse-2,Synapse,452371751.0,6.49153,38386,100.0,1
175,tokemak,Tokemak,449132562.0,6.79511,34131,8.905964987813908,0
176,mask-network,Mask Network,444405338.0,10.93387,65268,45.33333,0
177,ufo-gaming,UFO Gaming,442362246.0,6.58194,125040,100.0,1
178,raydium,Raydium,439042776.0,5.90494,276952,14.586429150076397,0
179,boba-network,Boba Network,436495001.0,9.19778,355086,31.0006542,0
180,plex,PLEX,435565643.0,11.48847,0,55.520011789968414,0
181,digibyte,DigiByte,435384417.0,5.77252,238177,71.4473110610819,1
182,polymath,Polymath,433738750.0,4.63601,64587,89.85508296745886,1
183,flex-coin,FLEX Coin,433529079.0,0.23052,10612,79.74391546824856,1
184,metis-token,Metis Token,432525264.0,4.66601,86551,43.21264503042596,0
185,tomb,Tomb,430839432.0,30.74766,32674,100.0,3
186,chromaway,Chromia,430838097.0,5.19969,139418,100.0,1
187,nano,Nano,424074478.0,3.85607,147331,100.0,1
188,nucypher,NuCypher,423762012.0,11.2847,0,16.79996115150608,0
189,golem,Golem,422233963.0,4.96566,164132,100.0,1
190,serum,Serum,418105610.0,6.19149,185352,12.191279048413753,0
191,mobox,Mobox,417640620.0,2.4136,263934,26.571004050407275,0
192,tether-gold,Tether Gold,413038824.0,0.71848,2602,100.0,1
193,butterflydao,Redacted Cartel,397826348.0,-19.32265,27634,98.93229576467088,1
194,celer-network,Celer Network,397666069.0,10.24571,102140,56.4545493582688,0
195,constitutiondao,ConstitutionDAO,397516178.0,3.68007,66907,100.0,1
196,anyswap,Anyswap,392614199.0,36.54945,606,18.41412116623151,3
197,yield-guild-games,Yield Guild Games,391014304.0,2.34684,151976,8.790625,0
198,ion,Ion,386167413.0,16.13646,55128,100.0,1
199,looksrare,LooksRare,383932380.0,35.00251,0,48.43599771975671,3
200,origintrail,OriginTrail,374754806.0,-3.65182,42881,73.64430064846017,1
201,persistence,Persistence,372061755.0,6.457,34713,58.31962490781203,0
202,wink,WINkLink,370345345.0,5.66931,74895,96.27,1
203,xyo-network,XYO Network,368051031.0,3.1196,41462,89.46048623031544,1
204,casper-network,Casper Network,361391492.0,2.79846,151490,28.700904234574764,0
205,victoria-vr,Victoria VR,359185176.0,9.0461,84167,4.31974644047619,0
206,cratos,Cratos,359053481.0,0.74434,130644,69.0,1
207,just,JUST,358355990.0,5.1734,56618,73.74166666666667,1
208,ultra,Ultra,354800139.0,17.2377,63706,27.03919222376,0
209,reserve-rights-token,Reserve Rights Token,352740844.0,11.28474,93276,13.157802676898001,0
210,keep-network,Keep Network,351209482.0,6.83362,31432,54.97163002685891,0
211,playdapp,PlayDapp,348380735.0,7.697,20312,43.17312171428571,0
212,dent,Dent,337789877.0,12.76868,128753,95.65496045273588,1
213,jasmycoin,JasmyCoin,336299380.0,-0.16196,51127,9.509861560000001,0
214,ton-crystal,Everscale,334082727.0,2.25191,17203,44.7900612307512,0
215,phantasma,Phantasma,333966605.0,7.66135,38722,100.0,1
216,sapphire,Sapphire,333054288.0,1.93781,824,25.594103089581964,0
217,ocean-protocol,Ocean Protocol,332754414.0,7.666,143663,70.7922761170226,1
218,husd,HUSD,330817686.0,0.76444,5881,100.0,1
219,fx-coin,Function X,330404223.0,0.55534,17937,100.0,1
220,pax-gold,PAX Gold,330182342.0,1.00223,28436,100.0,1
221,fetch-ai,Fetch.ai,329405832.0,5.48165,91408,59.68076775872538,0
222,energy-web-token,Energy Web Token,325701070.0,5.27636,52687,60.95643431476645,1
223,lisk,Lisk,325391595.0,1.02027,203707,100.0,1
224,dao-maker,DAO Maker,324457243.0,8.54621,222641,24.822934232715006,0
225,swipe,Swipe,323804215.0,11.60038,49414,67.97126959684728,1
226,hathor,Hathor,322175573.0,11.90846,64608,25.898592660162496,0
227,akash-network,Akash Network,319437359.0,8.09534,63260,71.91138300155573,1
228,aragon,Aragon,318698139.0,14.02211,97866,88.45686708958127,1
229,vader-protocol,Vader Protocol,318430759.0,7.41868,19291,16.95310768139564,0
230,veritaseum,Veritaseum,309821628.0,2.0221,11275,2.1496464399999997,0
231,injective-protocol,Injective Protocol,307342623.0,-0.00246,98800,43.655554329999994,0
232,rari-governance-token,Rari Governance Token,299807255.0,6.47854,45878,90.04396986458285,1
233,coti,COTI,299781054.0,9.33192,217218,43.4336059015,0
234,cartesi,Cartesi,297620811.0,9.38331,67479,49.037443090035,0
235,chronobank,chrono.tech,294497026.0,-19.26545,15998,100.0,1
236,digitalbits,DigitalBits,290321474.0,3.36808,17922,50.81039889613539,0
237,zipmex-token,Zipmex Token,285602218.0,17.19607,6432,43.71165507,0
238,dusk-network,DUSK Network,282719946.0,19.62873,38983,77.897958745265,3
239,tenset,Tenset,282141710.0,-6.85196,106697,44.12047591907861,0
240,alchemix-usd,Alchemix USD,281611939.0,0.27132,57990,100.0,1
241,alchemix,Alchemix,280325515.0,5.36673,57990,54.91404827648589,0
242,superfarm,SuperFarm,280173221.0,3.14215,234665,28.733243083738774,0
243,origin-dollar,Origin Dollar,276410067.0,-0.06438,133175,100.0,1
244,medibloc,Medibloc,268958040.0,7.71987,21154,62.64451537734885,1
245,rmrk,RMRK,266910197.0,9.16937,45672,95.0,1
246,vulcan-forged,Vulcan Forged,264659427.0,-4.8424,75745,39.7954,0
247,gmx,GMX,264534063.0,-5.65298,16174,100.0,1
248,biconomy,Biconomy,264350211.0,2.60752,63838,7.2882218753000005,0
249,chia,Chia,263758188.0,8.48748,80901,11.84179410588653,0
250,power-ledger,Power Ledger,263480592.0,6.56523,105227,42.9712891919905,0
251,mdex,Mdex,262380020.0,2.75908,35071,82.79235685205899,1
252,interest-bearing-bitcoin,Interest Bearing Bitcoin,257922410.0,1.66319,43393,100.0,1
253,zenon,Zenon,257245207.0,7.18054,13605,0.0,0
254,joe,JOE,247626084.0,14.0481,112337,56.51736811296496,0
255,alpha-finance,Alpha Finance,245440270.0,7.81582,94540,44.6330126,0
256,merit-circle,Merit Circle,242668571.0,4.56728,89950,6.487492576164709,0
257,mirror-protocol,Mirror Protocol,241763759.0,2.52265,88545,36.422556235545564,0
258,power-cash,Power Cash,241602251.0,4.60862,42556,59.3486995004995,0
259,asd,AscendEx Token,241543985.0,2.55549,168690,100.0,1
260,vethor-token,VeThor Token,241199426.0,5.16214,544295,100.0,1
261,pundi-x-2,Pundi X,237616988.0,4.20812,155931,100.0,1
262,alchemy-pay,Alchemy Pay,237360071.0,-14.8508,78698,38.31091200495854,0
263,starlink,StarLink,236454385.0,7.49293,73722,99.79172029858489,1
264,coinex-token,CoinEx Token,235018793.0,3.3193,91343,65.27340094196673,1
265,orbs,Orbs,234361914.0,-0.69935,51064,28.72496511784467,0
266,lukso-token,LUKSO Token,234286968.0,4.00319,39210,15.205915708856644,0
267,conflux-token,Conflux,233377515.0,3.31776,47967,24.805088711936747,0
268,status,Status,232653267.0,3.92506,146269,57.02509657180856,0
269,milk-alliance,MiL.k Alliance,231748792.0,8.99141,0,22.0515077495128,0
270,trust-wallet-token,Trust Wallet Token,230177247.0,4.40756,1564944,34.6951186,0
271,storj,Storj,229906509.0,7.06477,113793,33.83233867685806,0
272,verge,Verge,229206139.0,6.27681,336719,99.62358615423497,1
273,bitcoin-diamond,Bitcoin Diamond,227638917.0,4.30952,36062,89.59852283477333,1
274,qredo,Qredo,224681301.0,16.08644,47051,3.8233748263720897,0
275,request-network,Request,224657660.0,3.05495,59180,77.18957152757493,1
276,escoin-token,Escoin Token,224648411.0,0.21669,3518,27.555685191858682,0
277,hector-dao,Hector DAO,224033010.0,2.25656,60565,98.39242868215005,1
278,insure,inSure DeFi,223426013.0,5.13063,12613,30.062517697495032,0
279,titanswap,TitanSwap,223208704.0,-3.1406,11202,1.0,0
280,platon-network,PlatON Network,222778291.0,5.83863,39480,22.352430817502636,0
281,band-protocol,Band Protocol,221767605.0,5.92833,120702,41.591943,0
282,radicle,Radicle,221144198.0,1.76821,25748,27.421190824904297,0
283,dvision-network,Dvision Network,221039822.0,12.38427,118560,24.676989,0
284,ardor,Ardor,220567941.0,3.46311,76469,100.0,1
285,civic,Civic,218267857.0,4.95137,115770,67.0,1
286,alien-worlds,Alien Worlds,217160915.0,7.65473,114202,24.15379904808542,0
287,xido-finance,Xido Finance,214971348.0,-5.24509,5946,28.314463640600003,0
288,origin-protocol,Origin Protocol,210447213.0,4.16842,133307,40.1444221,0
289,mango-markets,Mango,209479508.0,3.77292,73644,20.23232,0
290,regen,Regen,208215671.0,4.59074,13738,100.0,1
291,dodo,DODO,207108818.0,7.43187,126744,26.92880525558619,0
292,tether-eurt,Euro Tether,205949074.0,0.73908,194481,45.249695593788054,0
293,ergo,Ergo,205808188.0,3.12998,50477,50.139305408095055,0
294,polkastarter,Polkastarter,204173945.0,5.00016,619343,88.221432,1
295,wilder-world,Wilder World,203772135.0,8.18915,89058,16.736660034,0
296,sun-token,Sun Token,202282611.0,6.05197,44493,52.83679555976087,0
297,lido-dao,Lido DAO,201870251.0,1.63194,56186,7.1047116000955395,0
298,iexec-rlc,iExec RLC,201492022.0,3.28925,51027,81.99163698890547,1
299,hxro,Hxro,201173285.0,1.34689,7640,43.58398663235563,0
300,kardiachain,KardiaChain,199122628.0,6.67535,151619,64.92999999999999,1
301,vvs-finance,VVS Finance,199089686.0,3.90065,57929,13.179529979523291,0
302,tokamak-network,Tokamak Network,196973583.0,5.56865,10386,81.3520938251128,1
303,nkn,NKN,196674677.0,4.54799,37824,65.0,1
304,bifrost,Bifrost,196222445.0,3.1704,39920,27.386379405658772,0
305,seth,sETH,195727796.0,4.32004,182983,100.0,1
306,klima-dao,Klima DAO,193802870.0,1.28889,66545,100.0,1
307,mx-token,MX Token,193665427.0,6.92578,365051,22.222222222155555,0
308,sbtc,sBTC,193289090.0,0.14825,182993,100.0,1
309,pundi-x,Pundi X [OLD],192751889.0,0.0,155923,91.49728609609508,1
310,my-neighbor-alice,My Neighbor Alice,192085537.0,6.34413,176448,17.4,0
311,unibright,Unibright,191886065.0,-0.91874,25221,100.0,1
312,fuse-network-token,Fuse,190886064.0,49.91719,34383,41.7525572995166,3
313,balancer,Balancer,189391230.0,2.26677,118240,22.890755353093265,0
314,circuits-of-value,Circuits of Value,189201826.0,-5.6176,14203,100.0,1
315,singularitynet,SingularityNET,189114631.0,1.03237,71817,96.56499661965138,1
316,orchid-protocol,Orchid Protocol,188471265.0,5.74416,79225,59.154472895167984,0
317,aelf,aelf,188089191.0,3.91818,95239,52.42386352353352,0
318,star-atlas,Star Atlas,186922318.0,2.64181,289857,6.0,0
319,ark,Ark,183266795.0,5.93481,77225,100.0,1
320,prometeus,Prometeus,183077855.0,3.16851,17069,82.24998,1
321,railgun,Railgun,182744105.0,9.95169,9539,100.0,1
322,allianceblock,AllianceBlock,180287270.0,4.49049,41653,34.312298332999994,0
323,seedify-fund,Seedify.fund,179721235.0,3.80539,485669,22.24349991,0
324,utrust,Utrust,179624840.0,-9.50884,87179,92.0,1
325,coinmetro,CoinMetro,179143094.0,-0.00434,17239,91.71954279272728,1
326,ageur,agEUR,178814468.0,1.42708,25020,100.0,1
327,bakerytoken,BakerySwap,178796321.0,3.39286,429150,69.42267283725572,1
328,storm,StormX,177055077.0,8.16324,81662,92.93310496239722,1
329,divi,Divi,176858609.0,-1.04114,35320,100.0,1
330,ice-token,Popsicle Finance,176601991.0,17.94083,64908,44.10312906009593,3
331,pirate-chain,Pirate Chain,175198924.0,2.90202,18126,94.74801204626,1
332,maidsafecoin,MaidSafeCoin,168120112.0,3.83041,51195,100.0,1
333,numeraire,Numeraire,167778230.0,4.78125,32831,53.77859731010509,0
334,kilt-protocol,KILT Protocol,166399500.0,1.26592,68121,37.181139085419765,0
335,gxchain,GXChain,166309699.0,5.50923,95485,75.0,1
336,orion-protocol,Orion Protocol,166012966.0,1.41672,94280,34.25,0
337,steem,Steem,165462916.0,1.15325,15106,100.0,1
338,xmon,XMON,164889412.0,-10.85169,22480,23.36719617699977,0
339,gitcoin,Gitcoin,163399404.0,7.73607,85946,14.21156383036192,0
340,avalaunch,Avalaunch,162384943.0,14.62508,103450,20.855805,0
341,venus,Venus,162261483.0,0.90122,143468,39.34168479965558,0
342,api3,API3,162080498.0,4.29759,34624,40.19863090405006,0
343,btc-standard-hashrate-token,BTC Standard Hashrate Token,159490927.0,10.66826,67588,48.58399807333333,0
344,sovryn,Sovryn,159015161.0,1.49749,44829,20.209278880699998,0
345,mxc,MXC,158870191.0,10.39279,20911,91.45346310177834,1
346,ankreth,Ankr Reward-Bearing Staked ETH,158682540.0,2.22579,156189,100.0,1
347,bezoge-earth,Bezoge Earth,157860332.0,24.87683,16533,43.87953369105174,3
348,dawn-protocol,Dawn Protocol,157705995.0,4.80847,8209,92.04870176530218,1
349,klever,Klever,154848457.0,3.85777,266039,52.350407816170296,0
350,truefi,TrueFi,153985834.0,8.01778,36703,39.070252060210755,0
351,compound-uniswap,cUNI,153907003.0,3.94655,212254,100.0,1
352,feg-token-bsc,FEG Token BSC,153149747.0,-2.35789,354399,42.51120341032652,0
353,gains-farm,Gains Farm,152220579.0,-3.97064,0,100.0,1
354,ribbon-finance,Ribbon Finance,151963399.0,1.03173,30770,5.1244207726950615,0
355,rome,Rome,150208043.0,6.73709,40194,98.59680304718896,1
356,velaspad,VelasPad,149993180.0,-0.82732,170567,100.0,1
357,astroport,Astroport,149743509.0,-0.93011,54070,11.1233761,0
358,presearch,Presearch,149666361.0,10.10969,31926,79.315687,1
359,handshake,Handshake,147458140.0,24.83262,21673,22.367127274553923,3
360,metadium,Metadium,147303620.0,4.33228,1209,84.3684812,1
361,rif-token,RSK Infrastructure Framework,146999000.0,2.23583,54733,81.8473339963124,1
362,auction,Bounce,146869290.0,3.14531,86327,100.0,1
363,swarm-bzz,Swarm,146236587.0,0.41882,23332,100.0,1
364,verasity,Verasity,142828841.0,22.14032,229805,23.14882442394887,3
365,gemini-dollar,Gemini Dollar,142715941.0,0.30478,260,100.0,1
366,vectorspace,Vectorspace AI,142667004.0,2.33694,16457,75.94388002,1
367,wrapped-centrifuge,Wrapped Centrifuge,141892469.0,-0.95663,50091,36.26236685524115,0
368,kyber-network-crystal,Kyber Network Crystal,141889785.0,0.91281,202784,57.23809489084941,0
369,opendao,OpenDAO,139887831.0,-2.09408,146259,43.4616119647492,0
370,electroneum,Electroneum,139779321.0,2.4093,137894,85.28942204971428,1
371,coin-of-the-champions,Coin of the champions,139449100.0,3.56617,3453,9.977353165756059,0
372,benqi,BENQI,139208494.0,6.45407,54813,16.662537666666665,0
373,hermez-network-token,Hermez Network,139070553.0,2.44101,0,17.612594346546505,0
374,biswap,Biswap,138217466.0,4.02665,231467,86.84146541001277,1
375,ampleforth,Ampleforth,137916086.0,15.65521,36220,98.68501237004384,1
376,wrapped-nxm,Wrapped NXM,137807313.0,12.00019,38346,100.0,1
377,aavegotchi,Aavegotchi,137735769.0,-0.42345,91403,97.35045416974687,1
378,usdx,USDX,137385860.0,-0.60749,0,99.99841578490926,1
379,btse-token,BTSE Token,136977133.0,-1.6181,17378,10.1867115,0
380,bonfida,Bonfida,136754583.0,0.11068,63179,4.9086802597766,0
381,iron-bank-euro,Iron Bank EURO,136360689.0,2.56333,0,100.0,1
382,crypto20,CRYPTO20,135666669.0,7.86603,7989,81.88831774782366,1
383,defipulse-index,DeFi Pulse Index,133935248.0,3.75621,40457,100.0,1
384,dopex-rebate-token,Dopex Rebate Token,133712308.0,15.93544,22242,36.457874530518254,0
385,proton,Proton,133133460.0,8.37212,34502,70.40893776417596,1
386,ellipsis,Ellipsis,133023879.0,10.97548,29365,91.39465547372822,1
387,tomochain,TomoChain,132383356.0,4.72102,69419,85.51952777777781,1
388,beldex,Beldex,132225001.0,0.60295,60419,100.0,1
389,aurora-dao,IDEX,131259821.0,5.17221,77045,62.53345346360284,1
390,decentral-games,Decentral Games,130134819.0,1.56466,72948,81.43817114470329,1
391,uquid-coin,Uquid Coin,129425939.0,-3.81543,58049,25.0,0
392,bnb48-club-token,BNB48 Club Token,127217356.0,0.09181,6049,57.9100499972691,0
393,quark-chain,QuarkChain,126948281.0,7.72573,78643,66.09603646,1
394,decentral-games-governance,Decentral Games Governance,125622070.0,0.48908,74531,100.0,1
395,stp-network,STP Network,124886762.0,5.85072,34677,67.89947739691563,1
396,beta-finance,Beta Finance,124204624.0,6.73772,53588,25.5833333,0
397,clover-finance,Clover Finance,123751814.0,6.59402,109650,21.107179000000002,0
398,bscpad,BSCPAD,123547694.0,0.80778,0,45.109123621359686,0
399,neos-credits,Neos Credits,122783454.0,0.0942,24276,78.8715182989081,1
400,badger-dao,Badger DAO,122588790.0,3.36462,43402,47.4377007541425,0
401,safepal,SafePal,121974048.0,5.99519,452852,21.633333399999998,0
402,metal,Metal,121589091.0,4.62018,65703,97.06403889339614,1
403,nusd,sUSD,120938662.0,0.81476,182993,100.0,1
404,kirobo,Kirobo,119964465.0,-0.13166,15365,0.0,0
405,aurory,Aurory,119242813.0,-0.72629,176592,9.5,0
406,stasis-eurs,STASIS EURO,118981590.0,-0.07219,17225,100.0,1
407,cudos,Cudos,118805861.0,10.78881,39448,26.549937683969777,0
408,telos,Telos,118805651.0,1.09707,63678,70.94970564409326,1
409,augur,Augur,118699096.0,1.45765,159897,100.0,1
410,iris-network,IRISnet,117690657.0,20.41282,34264,59.81954381838531,3
411,xcad-network,XCAD Network,116048475.0,12.63342,123314,8.499956189468605,0
412,funfair,FUNToken,115999768.0,5.52534,27570,96.35455419261307,1
413,strong,Strong,115879806.0,3.063,38339,35.34472349403822,0
414,linear,Linear,115535129.0,5.52085,55668,32.415329822406704,0
415,superrare,SuperRare,115382509.0,3.26548,239194,14.502995199999999,0
416,noia-network,Syntropy,115028719.0,1.06364,37610,47.948771428612815,0
417,siaprime-coin,ScPrime,114840973.0,8.87815,3221,85.26102727272728,1
418,dero,Dero,113608704.0,17.3545,9493,60.424880434782615,3
419,redfox-labs-2,RedFOX Labs,113030774.0,10.89958,34960,72.11454748590714,1
420,compound-basic-attention-token,cBAT,113017772.0,6.20837,212751,100.0,1
421,strike,Strike,111978240.0,2.91063,12671,47.16741850626963,0
422,qanplatform,QANplatform,111208639.0,-0.275,27965,32.58420027279003,0
423,oxygen,Oxygen,110230401.0,3.02488,29242,2.0236146902,0
424,deapcoin,DEAPCOIN,109631144.0,2.2049,21971,13.67662481285849,0
425,rizon,RIZON,109291075.0,11.61596,12567,100.0,1
426,melon,Enzyme,109044056.0,2.78791,31779,79.69380692512206,1
427,mimatic,MAI,107673884.0,1.27768,6136,100.0,1
428,everipedia,Everipedia,107562589.0,4.70223,123508,47.721208975852385,0
429,eth-2x-flexible-leverage-index,Index Coop - ETH 2x Flexible Leverage Index,107437496.0,9.30852,0,100.0,1
430,ethlend,Aave [OLD],106980985.0,0.0,402213,3.9812171194053634,0
431,feg-token,FEG Token,106603360.0,10.99703,354317,41.14417209808964,0
432,wanchain,Wanchain,106250008.0,3.59104,131674,91.84274943606286,1
433,unizen,Unizen,106234035.0,-0.4748,26449,3.443274314524055,0
434,aioz-network,AIOZ Network,105633525.0,9.75653,72367,33.7918577411055,0
435,saito,Saito,105291428.0,-2.49486,34989,45.589775469766664,0
436,yfii-finance,DFI.money,104966696.0,5.64928,19301,99.3302778084018,1
437,adventure-gold,Adventure Gold,104800318.0,1.17365,71092,100.0,1
438,richquack,Rich Quack,103718275.0,4.13291,159097,44.64032291210739,0
439,geist-finance,Geist Finance,103606039.0,62.21566,16016,100.0,3
440,lto-network,LTO Network,102253931.0,10.03938,22636,73.96467984925951,1
441,seur,sEUR,100381815.0,0.15223,182633,100.0,1
442,kin,Kin,99843548.0,6.19983,50736,16.763009837581,0
443,trustswap,Trustswap,99805357.0,8.55491,65513,78.57366465137355,1
444,quick,Quickswap,98154625.0,4.35318,66202,36.1,0
445,automata,Automata,97927047.0,6.19532,166642,100.0,1
446,lit,LIT,97310616.0,-13.95552,9231,50.0,0
447,seth2,sETH2,97051731.0,4.48161,4115,100.0,1
448,voxies,Voxies,96768236.0,11.47711,48825,12.033333333333333,0
449,solanium,Solanium,96550713.0,3.44193,586069,57.49999999999999,0
450,samoyedcoin,Samoyedcoin,96355383.0,1.53608,64921,38.82972639703548,0
451,tranchess,Tranchess,96155690.0,1.00149,28885,18.765337001079597,0
452,beefy-finance,Beefy.Finance,95484326.0,1.96123,230087,97.5,1
453,derivadao,DerivaDAO,94178607.0,-0.02464,9261,49.41806188869857,0
454,gods-unchained,Gods Unchained,93953129.0,4.22193,82706,6.744999999999999,0
455,ethernity-chain,Ethernity Chain,93950726.0,7.04864,111389,37.70170629953725,0
456,gamezone,GameZone,93574428.0,-4.27667,146870,100.0,1
457,somnium-space-cubes,Somnium Space CUBEs,92057364.0,3.07761,33326,31.226409626637324,0
458,yieldly,Yieldly,91281821.0,32.10559,23909,41.00165722,3
459,rook,KeeperDAO,89294639.0,-6.85662,25747,63.76708636195859,1
460,certik,CertiK,89099483.0,4.93769,2282,58.67798829867641,0
461,sentinel,Sentinel,88750519.0,6.06851,35874,46.743076740507185,0
462,star-atlas-dao,Star Atlas DAO,88547338.0,3.89799,290449,6.0,0
463,harvest-finance,Harvest Finance,88476840.0,1.99087,61227,95.55156327411541,1
464,boson-protocol,Boson Protocol,88394733.0,2.90602,67183,33.042735089999994,0
465,compound-0x,c0x,87922528.0,3.22499,212751,100.0,1
466,kava-swap,Kava Swap,87559127.0,4.91858,26095,19.322916,0
467,woonkly-power,Woonkly Power,87556357.0,-1.81146,36463,42.106959503509856,0
468,derace,DeRace,86949407.0,7.86404,170479,24.722221666666666,0
469,alpha-quark-token,Alpha Quark Token,86705389.0,6.74182,12385,84.87429952727643,1
470,comdex,Comdex,86400589.0,3.29612,13881,16.052244848780113,0
471,hi-dollar,hi Dollar,86253346.0,2.55945,76982,25.841576414185912,0
472,aergo,Aergo,85853130.0,5.33928,25551,72.332439718,1
473,bitshares,BitShares,85727366.0,4.66296,8200,75.2712935359917,1
474,liquity,Liquity,85458494.0,12.36714,24663,14.458398429163047,0
475,bzx-protocol,bZx Protocol,85057841.0,-0.04406,1043,37.02168364613278,0
476,shapeshift-fox-token,ShapeShift FOX Token,84396311.0,1.44722,110703,19.2271275825515,0
477,aleph,Aleph.im,84062362.0,-0.24298,29827,24.507479329338526,0
478,komodo,Komodo,83640642.0,3.37844,117977,64.85788228428,1
479,lcx,LCX,83310072.0,3.08507,65011,59.134992526057395,0
480,propy,Propy,83201115.0,15.94369,21729,57.89659139105387,0
481,district0x,district0x,83051470.0,3.34549,73944,75.12217163251766,1
482,musd,mStable USD,82210964.0,0.32594,25047,100.0,1
483,guildfi,GuildFi,82131276.0,3.30994,100452,4.3280013348608,0
484,arpa-chain,ARPA Chain,81955956.0,4.33139,57837,65.47830688571429,1
485,concierge-io,Travala.com,81428231.0,5.49448,145935,84.41438129831973,1
486,spiritswap,SpiritSwap,81035906.0,50.29577,0,30.0451251708844,3
487,barnbridge,BarnBridge,80723484.0,0.8675,28009,53.3860789638472,0
488,rai,Rai Reflex Index,80471241.0,0.61351,17026,100.0,1
489,whale,WHALE,80451557.0,0.47452,76701,73.032758395,1
490,hunt-token,HUNT,80028894.0,6.29049,15949,54.89190663240502,0
491,unifty,Unifty,79533189.0,-4.08982,13578,39.31871617126,0
492,tokocrypto,Tokocrypto,78952744.0,2.63076,358097,15.0,0
493,magic,Magic,78811762.0,3.44783,22518,12.208514320225511,0
494,dvf,DVF,78337529.0,1.91778,50805,12.085721000000001,0
495,thunder-token,ThunderCore,78034917.0,3.33844,172898,81.80337300000001,1
496,litentry,Litentry,77846361.0,8.63965,68001,31.01404896,0
497,nerve-finance,Nerve Finance,77747624.0,1.22303,0,0.0,0
498,karura,Karura,76802334.0,13.91511,221935,22.282782,0
499,bilira,BiLira,76624722.0,1.1225,11151,100.0,1
500,lgcy-network,LGCY Network,76349675.0,-11.29364,28058,12.305592497157898,0
501,cortex,Cortex,75989519.0,4.16379,55963,63.07246442011893,1
502,alpaca-finance,Alpaca Finance,75692144.0,3.62811,72086,83.67714378041039,1
503,mainframe,Hifi Finance,75444249.0,4.06929,38568,93.86552598643352,1
504,token-pocket,Token Pocket,75131876.0,0.66096,100455,58.753515271186444,0
505,sifchain,Sifchain,74788289.0,2.78991,31257,37.49811287571437,0
506,contentos,Contentos,74608092.0,6.16231,38450,34.34166574174119,0
507,shiden,Shiden Network,74587575.0,0.73695,48707,71.62041665723075,1
508,doge-army-token,Doge Army Token,74563860.0,4.80327,25505,99.32801488346318,1
509,eden,EDEN,74545908.0,7.49578,17382,79.47379021408659,1
510,koinos,Koinos,74475014.0,8.20599,3298,100.0,1
511,cvault-finance,cVault.finance,73737930.0,-1.84904,8093,100.0,1
512,carry,Carry,73414386.0,5.69397,25555,88.13912009900271,1
513,altura,Altura,72927924.0,4.75653,117626,61.28,1
514,rarible,Rarible,72708655.0,1.16256,2236,22.10441566760458,0
515,cocos-bcx,COCOS BCX,72696130.0,3.73375,191342,42.01625855644542,0
516,gas,Gas,71722772.0,4.16503,433173,13.93511623912223,0
517,pylon-protocol,Pylon Protocol,71643713.0,8.20262,49202,9.99853711592651,0
518,defi-land,DeFi Land,71272295.0,-2.15966,93566,5.86335,0
519,tellor,Tellor,71250701.0,7.99913,27175,97.69254322143158,1
520,gyen,GYEN,71107546.0,0.08988,3032,100.0,1
521,grid,GridPlus [OLD],71043919.0,-5.13628,13898,13.088830216434621,0
522,mixmarvel,MixMarvel,70701961.0,12.35048,34125,51.430699999999995,0
523,dia-data,DIA,70532188.0,4.94274,49929,34.666002685864434,0
524,idia,Impossible Decentralized Incubator Access,70507373.0,0.41497,303703,5.921735238144426,0
525,streamr-xdata,Streamr XDATA,70486087.0,7.59139,73123,70.62245303714329,1
526,dock,Dock,70448413.0,5.37928,57824,0.0,0
527,terra-virtua-kolect,Terra Virtua Kolect,70401177.0,5.93712,103350,36.175226333333335,0
528,kava-lend,Kava Lend,69942498.0,7.24986,39750,48.333333499999995,0
529,shyft-network-2,Shyft Network,69722551.0,5.00311,26953,44.435765799326674,0
530,civilization,Civilization,69708089.0,27.56613,17762,99.99999999666667,3
531,sharering,ShareToken,69453171.0,11.80361,26749,0.0,0
532,chainx,ChainX,68530128.0,11.52522,84227,0.0,0
533,new-order,New Order,68470890.0,9.52193,10340,12.9436745218005,0
534,ovr,Ovr,68021949.0,-0.51618,40025,26.581352727272726,0
535,metavpad,MetaVPad,67859781.0,0.051,170701,12.893393515733436,0
536,ooki,Ooki,67505200.0,2.47808,45148,89.70492010844396,1
537,hackenai,Hacken Token,67467282.0,6.98075,67244,60.6134376,0
538,taboo-token,Taboo Token,67222645.0,-3.96576,24384,100.0,1
539,fio-protocol,FIO Protocol,67108972.0,1.70317,80022,46.7460192581365,0
540,pha,Phala Network,67004643.0,3.54271,118076,18.1834380329,0
541,hydra,Hydra,66965587.0,1.94286,7781,100.0,1
542,tornado-cash,Tornado Cash,66944987.0,6.13378,32240,23.51641764611521,0
543,adex,Ambire AdEx,66716565.0,2.58654,447,94.30519941538232,1
544,ampleforth-governance-token,Ampleforth Governance Token,66241731.0,2.98433,36196,57.73135549195666,0
545,paid-network,PAID Network,66138471.0,3.92044,133938,20.496974480255247,0
546,zkswap,ZKSwap,65604106.0,3.07063,0,22.345000000000002,0
547,polkaswap,Polkaswap,65600696.0,4.66253,44581,36.4418162783697,0
548,mimo-parallel-governance-token,MIMO Parallel Governance Token,65578541.0,0.73474,17087,55.52771300526832,0
549,loom-network,Loom Network (OLD),65454299.0,5.78265,40041,83.3914552,1
550,epik-prime,Epik Prime,65321061.0,16.72517,39422,11.71913575,0
551,rainicorn,Rainicorn,65233786.0,21.84412,9986,97.27247559999999,3
552,apeswap-finance,ApeSwap Finance,64911848.0,5.59138,241996,81.155616366013,1
553,zombie-inu,Zombie Inu,64795235.0,-5.91867,16986,57.9941705860693,1
554,parsiq,PARSIQ,64479525.0,10.96556,41535,46.06617786814727,0
555,kleros,Kleros,64410666.0,9.84874,21719,68.4643261010565,1
556,paraswap,ParaSwap,64198576.0,-5.37045,83841,10.9297675,0
557,naga,NAGA,64003062.0,0.23274,11166,100.0,1
558,bella-protocol,Bella Protocol,63835809.0,8.72282,38940,48.0,0
559,bomber-coin,Bomber Coin,63437105.0,24.74416,156754,21.3129638172789,3
560,elastos,Elastos,63279454.0,0.73848,51438,81.70691807022105,1
561,mossland,Mossland,62931375.0,4.80378,19282,55.089602767429845,0
562,offshift,Offshift,62930400.0,0.84089,6619,44.9,0
563,crabada,Crabada,62442003.0,18.11289,31927,6.630720832500001,0
564,covalent,Covalent,62147776.0,3.50372,46500,12.515779494996284,0
565,sperax,Sperax,61786273.0,8.66524,7105,14.138654675041785,0
566,mute,Mute,61421148.0,21.44,34163,100.0,3
567,nuls,Nuls,61412040.0,3.30421,83184,81.98749206738098,1
568,everrise,EverRise,61378915.0,7.68411,69363,96.44368484699433,1
569,bitmart-token,BitMart Token,61373801.0,1.8588,369066,19.882296437562783,0
570,viper,Viper,61257459.0,15.22251,0,14.66396122610256,0
571,bluzelle,Bluzelle,60979340.0,6.26827,77422,64.7670117103231,1
572,six-network,SIX Network,60939481.0,6.23946,5315,27.377660421329814,0
573,fodl-finance,Fodl Finance,60671567.0,2.69966,9027,23.721180305242683,0
574,ramp,RAMP,59791975.0,3.95102,44208,38.8382524,0
575,zcoin,Firo,59444213.0,10.01371,78392,59.728209200465884,0
576,hoo-token,Hoo Token,59315845.0,1.09917,105895,58.3,0
577,gm,GM,58554464.0,9.80124,182,47.76718815155615,0
578,bytecoin,Bytecoin,58425443.0,-1.43055,39318,0.0,0
579,nabox,Nabox,58259092.0,-6.41637,75430,100.0,1
